filename,inference_time_ms,total_signs,Blind-Spot Mirror (Convex),No Entry (One Way),No Through Road (T-Sign),Pedestrian Crossing,Roundabout Ahead,Stop
20260110_172729.jpg,202.4,1,0,0,0,1,0,0
IMG_1506.jpg,21.29,1,0,0,0,0,0,1
IMG_1517.jpg,18.84,1,0,1,0,0,0,0
IMG_1520.jpg,29.33,1,0,1,0,0,0,0
IMG_1522.jpg,24.91,3,0,2,0,0,0,1
IMG_1523.jpg,23.56,2,0,1,0,0,0,1
IMG_1527.jpg,76.38,2,0,1,0,0,0,1
IMG_1532.jpg,40.95,1,0,0,0,1,0,0
IMG_1534.jpg,18.33,1,0,0,0,1,0,0
IMG_1550.jpg,16.73,1,0,0,0,0,1,0
IMG_1567.jpg,15.72,1,0,1,0,0,0,0
IMG_1573.jpg,17.94,1,0,1,0,0,0,0
IMG_1580.jpg,16.03,1,0,1,0,0,0,0
IMG_1596.jpg,26.35,1,0,0,0,0,1,0
IMG_1609.jpg,26.18,1,0,0,0,1,0,0
IMG_1614.jpg,39.54,1,0,0,0,1,0,0
IMG_1636.jpg,15.73,1,0,1,0,0,0,0
IMG_1648.jpg,21.28,1,0,0,0,0,0,1
IMG_20251123_143037.jpg,20.51,1,1,0,0,0,0,0
IMG_20251123_144205.jpg,14.28,1,0,0,0,0,0,1
IMG_20251123_145518.jpg,14.11,1,0,0,0,0,1,0
IMG_20251123_145915.jpg,13.83,1,1,0,0,0,0,0
IMG_20251123_150542.jpg,18.33,2,0,0,0,1,1,0
IMG_20251123_151128.jpg,20.97,1,0,0,0,1,0,0
IMG_20251123_151438.jpg,18.06,1,0,1,0,0,0,0
IMG_20251123_151450.jpg,24.16,1,0,1,0,0,0,0
IMG_20251123_151709.jpg,18.72,1,0,0,0,0,0,1
IMG_20251123_152108.jpg,19.51,1,0,0,0,1,0,0
IMG_20251123_154204.jpg,20.56,1,0,0,1,0,0,0
IMG_20251123_164424.jpg,19.8,1,0,1,0,0,0,0
IMG_20251123_165832.jpg,19.05,1,1,0,0,0,0,0
IMG_20251123_170230.jpg,21.79,1,0,0,1,0,0,0
IMG_20251125_113631.jpg,25.0,1,0,0,0,0,0,1
IMG_20251125_114024.jpg,60.52,2,0,1,1,0,0,0
IMG_20251125_120307.jpg,16.87,2,2,0,0,0,0,0
IMG_20251125_120359.jpg,18.5,0,0,0,0,0,0,0
IMG_20251125_120930.jpg,18.59,1,0,0,1,0,0,0
IMG_20251125_121035.jpg,16.15,1,0,1,0,0,0,0
IMG_20251125_121142.jpg,17.71,1,1,0,0,0,0,0
IMG_20251125_122024.jpg,23.01,1,0,0,0,1,0,0
IMG_20251125_122030.jpg,30.4,1,0,0,0,1,0,0
IMG_20251125_122819_1.jpg,17.21,1,0,1,0,0,0,0
IMG_20251125_124406.jpg,19.22,1,0,0,1,0,0,0
IMG_20260106_160600_879.jpg,22.86,1,0,1,0,0,0,0
IMG_20260106_161746_914.jpg,24.64,1,0,1,0,0,0,0
IMG_20260106_162033_174.jpg,23.42,1,0,1,0,0,0,0
IMG_20260106_162103_269.jpg,25.31,1,0,1,0,0,0,0
IMG_20260106_162110_401.jpg,29.65,1,0,0,0,0,0,1
IMG_20260106_162113_716.jpg,26.71,0,0,0,0,0,0,0
IMG_20260106_162304_258.jpg,26.87,1,1,0,0,0,0,0
IMG_20260110_171246_403.jpg,31.03,1,0,0,1,0,0,0
IMG_20260110_172521_196.jpg,31.06,1,0,0,0,1,0,0
IMG_20260110_172523_601.jpg,29.62,1,0,0,0,1,0,0
IMG_20260110_172625_333.jpg,30.8,1,0,0,0,1,0,0
IMG_20260110_172947_725.jpg,91.28,1,0,1,0,0,0,0
IMG_20260110_173014_412.jpg,26.74,1,0,1,0,0,0,0
IMG_20260110_173104_171.jpg,29.27,1,0,1,0,0,0,0
IMG_20260110_173326_716.jpg,35.07,1,1,0,0,0,0,0
IMG_20260110_173508_968.jpg,34.07,1,0,0,0,0,0,1
IMG_20260110_173644_468.jpg,27.95,1,0,0,0,0,0,1
IMG_20260113_082936_743.jpg,29.58,1,1,0,0,0,0,0
IMG_20260113_082952_561.jpg,27.06,1,0,1,0,0,0,0
IMG_20260113_083553_539.jpg,32.59,1,0,0,0,0,0,1
IMG_20260113_083805_099.jpg,34.56,1,0,0,0,1,0,0
IMG_20260113_084957_227.jpg,28.78,1,0,0,0,1,0,0
IMG_20260113_085011_841.jpg,28.1,1,0,0,0,1,0,0
IMG_20260113_085025_925.jpg,31.97,1,0,0,0,0,1,0
IMG_8805.jpeg,45.7,1,0,0,0,0,0,1
IMG_8815.jpeg,24.59,1,0,1,0,0,0,0
wall_stop.jpeg,24.36,1,0,1,0,0,0,0
WhatsApp_Image_2025-11-16_at_17.52.13__1__-_Edited.jpg,19.84,0,0,0,0,0,0,0
WhatsApp_Image_2025-11-16_at_17.52.23__1_.jpeg,15.62,1,0,1,0,0,0,0
WhatsApp_Image_2025-11-16_at_17.52.23__4_.jpeg,16.1,1,0,1,0,0,0,0
WhatsApp_Image_2025-11-16_at_17.52.24__2_.jpeg,15.06,1,0,1,0,0,0,0
WhatsApp_Image_2025-11-16_at_17.52.27__1_.jpeg,14.83,0,0,0,0,0,0,0
WhatsApp_Image_2025-11-16_at_17.52.27__2__-_Edited.jpg,15.54,1,0,1,0,0,0,0
WhatsApp_Image_2025-11-16_at_17.52.28__2_.jpeg,18.66,1,0,0,0,1,0,0
WhatsApp_Image_2025-11-17_at_15.01.43.jpeg,15.12,1,0,0,0,0,1,0
WhatsApp_Image_2025-11-17_at_15.01.44.jpeg,21.1,1,0,0,0,0,0,1
WhatsApp_Image_2025-11-17_at_15.01.48__1_.jpeg,21.37,2,0,2,0,0,0,0
WhatsApp_Image_2025-11-17_at_15.01.50__1_.jpeg,18.17,0,0,0,0,0,0,0
WhatsApp_Image_2025-11-17_at_15.01.50__2_.jpeg,25.1,1,0,1,0,0,0,0
WhatsApp_Image_2025-11-17_at_15.01.53.jpeg,25.29,1,0,0,1,0,0,0
WhatsApp_Image_2025-11-17_at_15.01.57.jpeg,22.34,0,0,0,0,0,0,0
WhatsApp_Image_2025-11-17_at_15.01.57__4_.jpeg,23.21,1,0,0,0,1,0,0
WhatsApp_Image_2025-11-17_at_15.01.58__1_.jpeg,35.28,0,0,0,0,0,0,0
WhatsApp_Image_2025-11-17_at_15.01.59.jpeg,21.7,0,0,0,0,0,0,0
WhatsApp_Image_2025-11-17_at_15.02.00.jpeg,28.53,1,0,0,0,0,0,1
WhatsApp_Image_2025-11-20_at_16.02.59__1_.jpeg,25.36,1,1,0,0,0,0,0
